{"cameraMode":{"drawMode":0,"name":"Shaded","section":"Shading Mode"},"sceneLighting":false,"audioPlay":false,"sceneViewState":{"m_AlwaysRefresh":false,"showFog":true,"showSkybox":false,"showFlares":true,"showImageEffects":true,"showParticleSystems":true,"showVisualEffectGraphs":true,"m_FxEnabled":true},"in2DMode":false,"pivot":{"x":1.1857197284698487,"y":-2.1661453247070314,"z":-8.739377975463868},"rotation":{"x":-0.09146150946617127,"y":0.8343093991279602,"z":-0.14561866223812104,"w":-0.5238800644874573},"size":0.15831157565116883,"orthographic":false}